{
  "images": [
    {
      "orientation": "portrait",
      "extent": "full-screen",
      "minimum-system-version": "7.0",
      "scale": "2x",
      "size": "0x0",
      "idiom": "iphone",
      "filename": "Default@2x.png"
    },
    {
      "orientation": "portrait",
      "extent": "full-screen",
      "minimum-system-version": "7.0",
      "subtype": "retina4",
      "scale": "2x",
      "size": "0x0",
      "idiom": "iphone",
      "filename": "Default-568h@2x.png"
    },
    {
      "orientation": "portrait",
      "extent": "full-screen",
      "minimum-system-version": "7.0",
      "scale": "1x",
      "size": "0x0",
      "idiom": "ipad",
      "filename": "Default-Portrait.png"
    },
    {
      "orientation": "landscape",
      "extent": "full-screen",
      "minimum-system-version": "7.0",
      "scale": "1x",
      "size": "0x0",
      "idiom": "ipad",
      "filename": "Default-Landscape.png"
    },
    {
      "orientation": "portrait",
      "extent": "full-screen",
      "minimum-system-version": "7.0",
      "scale": "2x",
      "size": "0x0",
      "idiom": "ipad",
      "filename": "Default-Portrait@2x.png"
    },
    {
      "orientation": "landscape",
      "extent": "full-screen",
      "minimum-system-version": "7.0",
      "scale": "2x",
      "size": "0x0",
      "idiom": "ipad",
      "filename": "Default-Landscape@2x.png"
    }
  ],
  "properties": {},
  "info": {
    "version": 1,
    "author": ""
  }
}