{
  "images": [
    {
      "scale": "2x",
      "size": "29x29",
      "idiom": "iphone",
      "filename": "Icon-Small@2x.png"
    },
    {
      "scale": "3x",
      "size": "29x29",
      "idiom": "iphone",
      "filename": "Icon-small@3x.png"
    },
    {
      "scale": "2x",
      "size": "40x40",
      "idiom": "iphone",
      "filename": "Icon-Small-40@2x.png"
    },
    {
      "scale": "3x",
      "size": "40x40",
      "idiom": "iphone",
      "filename": "Icon-60@2x.png"
    },
    {
      "scale": "2x",
      "size": "60x60",
      "idiom": "iphone",
      "filename": "Icon-60@2x.png"
    },
    {
      "scale": "3x",
      "size": "60x60",
      "idiom": "iphone",
      "filename": "Icon-60@3x.png"
    },
    {
      "scale": "1x",
      "size": "29x29",
      "idiom": "ipad",
      "filename": "Icon-Small.png"
    },
    {
      "scale": "2x",
      "size": "29x29",
      "idiom": "ipad",
      "filename": "Icon-Small@2x.png"
    },
    {
      "scale": "1x",
      "size": "40x40",
      "idiom": "ipad",
      "filename": "Icon-Small-40.png"
    },
    {
      "scale": "2x",
      "size": "40x40",
      "idiom": "ipad",
      "filename": "Icon-Small-40@2x.png"
    },
    {
      "scale": "1x",
      "size": "76x76",
      "idiom": "ipad",
      "filename": "Icon-76.png"
    },
    {
      "scale": "2x",
      "size": "76x76",
      "idiom": "ipad",
      "filename": "Icon-76@2x.png"
    },
    {
      "scale": "2x",
      "size": "83.5x83.5",
      "idiom": "ipad",
      "filename": "Icon-167.png"
    }
  ],
  "properties": {
    "pre-rendered": false
  },
  "info": {
    "version": 1,
    "author": ""
  }
}